--
-- PostgreSQL database dump
--

-- Dumped from database version 16.9
-- Dumped by pg_dump version 16.9

SET statement_timeout = 0;
SET lock_timeout = 0;
SET idle_in_transaction_session_timeout = 0;
SET client_encoding = 'UTF8';
SET standard_conforming_strings = on;
SELECT pg_catalog.set_config('search_path', '', false);
SET check_function_bodies = false;
SET xmloption = content;
SET client_min_messages = warning;
SET row_security = off;

--
-- Name: timescaledb; Type: EXTENSION; Schema: -; Owner: -
--

CREATE EXTENSION IF NOT EXISTS timescaledb WITH SCHEMA public;


--
-- Name: EXTENSION timescaledb; Type: COMMENT; Schema: -; Owner: 
--

COMMENT ON EXTENSION timescaledb IS 'Enables scalable inserts and complex queries for time-series data (Community Edition)';


SET default_tablespace = '';

SET default_table_access_method = heap;

--
-- Name: auth_group; Type: TABLE; Schema: public; Owner: admin
--

CREATE TABLE public.auth_group (
    id integer NOT NULL,
    name character varying(150) NOT NULL
);


ALTER TABLE public.auth_group OWNER TO admin;

--
-- Name: auth_group_id_seq; Type: SEQUENCE; Schema: public; Owner: admin
--

ALTER TABLE public.auth_group ALTER COLUMN id ADD GENERATED BY DEFAULT AS IDENTITY (
    SEQUENCE NAME public.auth_group_id_seq
    START WITH 1
    INCREMENT BY 1
    NO MINVALUE
    NO MAXVALUE
    CACHE 1
);


--
-- Name: auth_group_permissions; Type: TABLE; Schema: public; Owner: admin
--

CREATE TABLE public.auth_group_permissions (
    id bigint NOT NULL,
    group_id integer NOT NULL,
    permission_id integer NOT NULL
);


ALTER TABLE public.auth_group_permissions OWNER TO admin;

--
-- Name: auth_group_permissions_id_seq; Type: SEQUENCE; Schema: public; Owner: admin
--

ALTER TABLE public.auth_group_permissions ALTER COLUMN id ADD GENERATED BY DEFAULT AS IDENTITY (
    SEQUENCE NAME public.auth_group_permissions_id_seq
    START WITH 1
    INCREMENT BY 1
    NO MINVALUE
    NO MAXVALUE
    CACHE 1
);


--
-- Name: auth_permission; Type: TABLE; Schema: public; Owner: admin
--

CREATE TABLE public.auth_permission (
    id integer NOT NULL,
    name character varying(255) NOT NULL,
    content_type_id integer NOT NULL,
    codename character varying(100) NOT NULL
);


ALTER TABLE public.auth_permission OWNER TO admin;

--
-- Name: auth_permission_id_seq; Type: SEQUENCE; Schema: public; Owner: admin
--

ALTER TABLE public.auth_permission ALTER COLUMN id ADD GENERATED BY DEFAULT AS IDENTITY (
    SEQUENCE NAME public.auth_permission_id_seq
    START WITH 1
    INCREMENT BY 1
    NO MINVALUE
    NO MAXVALUE
    CACHE 1
);


--
-- Name: auth_user; Type: TABLE; Schema: public; Owner: admin
--

CREATE TABLE public.auth_user (
    id integer NOT NULL,
    password character varying(128) NOT NULL,
    last_login timestamp with time zone,
    is_superuser boolean NOT NULL,
    username character varying(150) NOT NULL,
    first_name character varying(150) NOT NULL,
    last_name character varying(150) NOT NULL,
    email character varying(254) NOT NULL,
    is_staff boolean NOT NULL,
    is_active boolean NOT NULL,
    date_joined timestamp with time zone NOT NULL
);


ALTER TABLE public.auth_user OWNER TO admin;

--
-- Name: auth_user_groups; Type: TABLE; Schema: public; Owner: admin
--

CREATE TABLE public.auth_user_groups (
    id bigint NOT NULL,
    user_id integer NOT NULL,
    group_id integer NOT NULL
);


ALTER TABLE public.auth_user_groups OWNER TO admin;

--
-- Name: auth_user_groups_id_seq; Type: SEQUENCE; Schema: public; Owner: admin
--

ALTER TABLE public.auth_user_groups ALTER COLUMN id ADD GENERATED BY DEFAULT AS IDENTITY (
    SEQUENCE NAME public.auth_user_groups_id_seq
    START WITH 1
    INCREMENT BY 1
    NO MINVALUE
    NO MAXVALUE
    CACHE 1
);


--
-- Name: auth_user_id_seq; Type: SEQUENCE; Schema: public; Owner: admin
--

ALTER TABLE public.auth_user ALTER COLUMN id ADD GENERATED BY DEFAULT AS IDENTITY (
    SEQUENCE NAME public.auth_user_id_seq
    START WITH 1
    INCREMENT BY 1
    NO MINVALUE
    NO MAXVALUE
    CACHE 1
);


--
-- Name: auth_user_user_permissions; Type: TABLE; Schema: public; Owner: admin
--

CREATE TABLE public.auth_user_user_permissions (
    id bigint NOT NULL,
    user_id integer NOT NULL,
    permission_id integer NOT NULL
);


ALTER TABLE public.auth_user_user_permissions OWNER TO admin;

--
-- Name: auth_user_user_permissions_id_seq; Type: SEQUENCE; Schema: public; Owner: admin
--

ALTER TABLE public.auth_user_user_permissions ALTER COLUMN id ADD GENERATED BY DEFAULT AS IDENTITY (
    SEQUENCE NAME public.auth_user_user_permissions_id_seq
    START WITH 1
    INCREMENT BY 1
    NO MINVALUE
    NO MAXVALUE
    CACHE 1
);


--
-- Name: core_device; Type: TABLE; Schema: public; Owner: admin
--

CREATE TABLE public.core_device (
    id bigint NOT NULL,
    device_id character varying(100) NOT NULL,
    name character varying(100) NOT NULL,
    location character varying(200) NOT NULL,
    created_at timestamp with time zone NOT NULL,
    user_id integer NOT NULL
);


ALTER TABLE public.core_device OWNER TO admin;

--
-- Name: core_device_id_seq; Type: SEQUENCE; Schema: public; Owner: admin
--

ALTER TABLE public.core_device ALTER COLUMN id ADD GENERATED BY DEFAULT AS IDENTITY (
    SEQUENCE NAME public.core_device_id_seq
    START WITH 1
    INCREMENT BY 1
    NO MINVALUE
    NO MAXVALUE
    CACHE 1
);


--
-- Name: core_devicedata; Type: TABLE; Schema: public; Owner: admin
--

CREATE TABLE public.core_devicedata (
    id bigint NOT NULL,
    nitrogen double precision NOT NULL,
    potassium double precision NOT NULL,
    phosphorus double precision NOT NULL,
    temperature double precision NOT NULL,
    humidity double precision NOT NULL,
    "timestamp" timestamp with time zone NOT NULL,
    device_id bigint NOT NULL
);


ALTER TABLE public.core_devicedata OWNER TO admin;

--
-- Name: core_devicedata_id_seq; Type: SEQUENCE; Schema: public; Owner: admin
--

ALTER TABLE public.core_devicedata ALTER COLUMN id ADD GENERATED BY DEFAULT AS IDENTITY (
    SEQUENCE NAME public.core_devicedata_id_seq
    START WITH 1
    INCREMENT BY 1
    NO MINVALUE
    NO MAXVALUE
    CACHE 1
);


--
-- Name: django_admin_log; Type: TABLE; Schema: public; Owner: admin
--

CREATE TABLE public.django_admin_log (
    id integer NOT NULL,
    action_time timestamp with time zone NOT NULL,
    object_id text,
    object_repr character varying(200) NOT NULL,
    action_flag smallint NOT NULL,
    change_message text NOT NULL,
    content_type_id integer,
    user_id integer NOT NULL,
    CONSTRAINT django_admin_log_action_flag_check CHECK ((action_flag >= 0))
);


ALTER TABLE public.django_admin_log OWNER TO admin;

--
-- Name: django_admin_log_id_seq; Type: SEQUENCE; Schema: public; Owner: admin
--

ALTER TABLE public.django_admin_log ALTER COLUMN id ADD GENERATED BY DEFAULT AS IDENTITY (
    SEQUENCE NAME public.django_admin_log_id_seq
    START WITH 1
    INCREMENT BY 1
    NO MINVALUE
    NO MAXVALUE
    CACHE 1
);


--
-- Name: django_content_type; Type: TABLE; Schema: public; Owner: admin
--

CREATE TABLE public.django_content_type (
    id integer NOT NULL,
    app_label character varying(100) NOT NULL,
    model character varying(100) NOT NULL
);


ALTER TABLE public.django_content_type OWNER TO admin;

--
-- Name: django_content_type_id_seq; Type: SEQUENCE; Schema: public; Owner: admin
--

ALTER TABLE public.django_content_type ALTER COLUMN id ADD GENERATED BY DEFAULT AS IDENTITY (
    SEQUENCE NAME public.django_content_type_id_seq
    START WITH 1
    INCREMENT BY 1
    NO MINVALUE
    NO MAXVALUE
    CACHE 1
);


--
-- Name: django_migrations; Type: TABLE; Schema: public; Owner: admin
--

CREATE TABLE public.django_migrations (
    id bigint NOT NULL,
    app character varying(255) NOT NULL,
    name character varying(255) NOT NULL,
    applied timestamp with time zone NOT NULL
);


ALTER TABLE public.django_migrations OWNER TO admin;

--
-- Name: django_migrations_id_seq; Type: SEQUENCE; Schema: public; Owner: admin
--

ALTER TABLE public.django_migrations ALTER COLUMN id ADD GENERATED BY DEFAULT AS IDENTITY (
    SEQUENCE NAME public.django_migrations_id_seq
    START WITH 1
    INCREMENT BY 1
    NO MINVALUE
    NO MAXVALUE
    CACHE 1
);


--
-- Name: django_session; Type: TABLE; Schema: public; Owner: admin
--

CREATE TABLE public.django_session (
    session_key character varying(40) NOT NULL,
    session_data text NOT NULL,
    expire_date timestamp with time zone NOT NULL
);


ALTER TABLE public.django_session OWNER TO admin;

--
-- Data for Name: hypertable; Type: TABLE DATA; Schema: _timescaledb_catalog; Owner: admin
--

COPY _timescaledb_catalog.hypertable (id, schema_name, table_name, associated_schema_name, associated_table_prefix, num_dimensions, chunk_sizing_func_schema, chunk_sizing_func_name, chunk_target_size, compression_state, compressed_hypertable_id, status) FROM stdin;
\.


--
-- Data for Name: chunk; Type: TABLE DATA; Schema: _timescaledb_catalog; Owner: admin
--

COPY _timescaledb_catalog.chunk (id, hypertable_id, schema_name, table_name, compressed_chunk_id, dropped, status, osm_chunk, creation_time) FROM stdin;
\.


--
-- Data for Name: chunk_column_stats; Type: TABLE DATA; Schema: _timescaledb_catalog; Owner: admin
--

COPY _timescaledb_catalog.chunk_column_stats (id, hypertable_id, chunk_id, column_name, range_start, range_end, valid) FROM stdin;
\.


--
-- Data for Name: dimension; Type: TABLE DATA; Schema: _timescaledb_catalog; Owner: admin
--

COPY _timescaledb_catalog.dimension (id, hypertable_id, column_name, column_type, aligned, num_slices, partitioning_func_schema, partitioning_func, interval_length, compress_interval_length, integer_now_func_schema, integer_now_func) FROM stdin;
\.


--
-- Data for Name: dimension_slice; Type: TABLE DATA; Schema: _timescaledb_catalog; Owner: admin
--

COPY _timescaledb_catalog.dimension_slice (id, dimension_id, range_start, range_end) FROM stdin;
\.


--
-- Data for Name: chunk_constraint; Type: TABLE DATA; Schema: _timescaledb_catalog; Owner: admin
--

COPY _timescaledb_catalog.chunk_constraint (chunk_id, dimension_slice_id, constraint_name, hypertable_constraint_name) FROM stdin;
\.


--
-- Data for Name: chunk_index; Type: TABLE DATA; Schema: _timescaledb_catalog; Owner: admin
--

COPY _timescaledb_catalog.chunk_index (chunk_id, index_name, hypertable_id, hypertable_index_name) FROM stdin;
\.


--
-- Data for Name: compression_chunk_size; Type: TABLE DATA; Schema: _timescaledb_catalog; Owner: admin
--

COPY _timescaledb_catalog.compression_chunk_size (chunk_id, compressed_chunk_id, uncompressed_heap_size, uncompressed_toast_size, uncompressed_index_size, compressed_heap_size, compressed_toast_size, compressed_index_size, numrows_pre_compression, numrows_post_compression, numrows_frozen_immediately) FROM stdin;
\.


--
-- Data for Name: compression_settings; Type: TABLE DATA; Schema: _timescaledb_catalog; Owner: admin
--

COPY _timescaledb_catalog.compression_settings (relid, compress_relid, segmentby, orderby, orderby_desc, orderby_nullsfirst) FROM stdin;
\.


--
-- Data for Name: continuous_agg; Type: TABLE DATA; Schema: _timescaledb_catalog; Owner: admin
--

COPY _timescaledb_catalog.continuous_agg (mat_hypertable_id, raw_hypertable_id, parent_mat_hypertable_id, user_view_schema, user_view_name, partial_view_schema, partial_view_name, direct_view_schema, direct_view_name, materialized_only, finalized) FROM stdin;
\.


--
-- Data for Name: continuous_agg_migrate_plan; Type: TABLE DATA; Schema: _timescaledb_catalog; Owner: admin
--

COPY _timescaledb_catalog.continuous_agg_migrate_plan (mat_hypertable_id, start_ts, end_ts, user_view_definition) FROM stdin;
\.


--
-- Data for Name: continuous_agg_migrate_plan_step; Type: TABLE DATA; Schema: _timescaledb_catalog; Owner: admin
--

COPY _timescaledb_catalog.continuous_agg_migrate_plan_step (mat_hypertable_id, step_id, status, start_ts, end_ts, type, config) FROM stdin;
\.


--
-- Data for Name: continuous_aggs_bucket_function; Type: TABLE DATA; Schema: _timescaledb_catalog; Owner: admin
--

COPY _timescaledb_catalog.continuous_aggs_bucket_function (mat_hypertable_id, bucket_func, bucket_width, bucket_origin, bucket_offset, bucket_timezone, bucket_fixed_width) FROM stdin;
\.


--
-- Data for Name: continuous_aggs_hypertable_invalidation_log; Type: TABLE DATA; Schema: _timescaledb_catalog; Owner: admin
--

COPY _timescaledb_catalog.continuous_aggs_hypertable_invalidation_log (hypertable_id, lowest_modified_value, greatest_modified_value) FROM stdin;
\.


--
-- Data for Name: continuous_aggs_invalidation_threshold; Type: TABLE DATA; Schema: _timescaledb_catalog; Owner: admin
--

COPY _timescaledb_catalog.continuous_aggs_invalidation_threshold (hypertable_id, watermark) FROM stdin;
\.


--
-- Data for Name: continuous_aggs_materialization_invalidation_log; Type: TABLE DATA; Schema: _timescaledb_catalog; Owner: admin
--

COPY _timescaledb_catalog.continuous_aggs_materialization_invalidation_log (materialization_id, lowest_modified_value, greatest_modified_value) FROM stdin;
\.


--
-- Data for Name: continuous_aggs_watermark; Type: TABLE DATA; Schema: _timescaledb_catalog; Owner: admin
--

COPY _timescaledb_catalog.continuous_aggs_watermark (mat_hypertable_id, watermark) FROM stdin;
\.


--
-- Data for Name: metadata; Type: TABLE DATA; Schema: _timescaledb_catalog; Owner: admin
--

COPY _timescaledb_catalog.metadata (key, value, include_in_telemetry) FROM stdin;
install_timestamp	2025-09-06 19:53:20.010187+00	t
timescaledb_version	2.21.2	f
exported_uuid	a266c7d3-eec1-467e-94e4-781ffe46af66	t
\.


--
-- Data for Name: tablespace; Type: TABLE DATA; Schema: _timescaledb_catalog; Owner: admin
--

COPY _timescaledb_catalog.tablespace (id, hypertable_id, tablespace_name) FROM stdin;
\.


--
-- Data for Name: bgw_job; Type: TABLE DATA; Schema: _timescaledb_config; Owner: admin
--

COPY _timescaledb_config.bgw_job (id, application_name, schedule_interval, max_runtime, max_retries, retry_period, proc_schema, proc_name, owner, scheduled, fixed_schedule, initial_start, hypertable_id, config, check_schema, check_name, timezone) FROM stdin;
\.


--
-- Data for Name: auth_group; Type: TABLE DATA; Schema: public; Owner: admin
--

COPY public.auth_group (id, name) FROM stdin;
\.


--
-- Data for Name: auth_group_permissions; Type: TABLE DATA; Schema: public; Owner: admin
--

COPY public.auth_group_permissions (id, group_id, permission_id) FROM stdin;
\.


--
-- Data for Name: auth_permission; Type: TABLE DATA; Schema: public; Owner: admin
--

COPY public.auth_permission (id, name, content_type_id, codename) FROM stdin;
1	Can add log entry	1	add_logentry
2	Can change log entry	1	change_logentry
3	Can delete log entry	1	delete_logentry
4	Can view log entry	1	view_logentry
5	Can add permission	2	add_permission
6	Can change permission	2	change_permission
7	Can delete permission	2	delete_permission
8	Can view permission	2	view_permission
9	Can add group	3	add_group
10	Can change group	3	change_group
11	Can delete group	3	delete_group
12	Can view group	3	view_group
13	Can add user	4	add_user
14	Can change user	4	change_user
15	Can delete user	4	delete_user
16	Can view user	4	view_user
17	Can add content type	5	add_contenttype
18	Can change content type	5	change_contenttype
19	Can delete content type	5	delete_contenttype
20	Can view content type	5	view_contenttype
21	Can add session	6	add_session
22	Can change session	6	change_session
23	Can delete session	6	delete_session
24	Can view session	6	view_session
25	Can add device	7	add_device
26	Can change device	7	change_device
27	Can delete device	7	delete_device
28	Can view device	7	view_device
29	Can add device_ data	8	add_device_data
30	Can change device_ data	8	change_device_data
31	Can delete device_ data	8	delete_device_data
32	Can view device_ data	8	view_device_data
33	Can add device data	9	add_devicedata
34	Can change device data	9	change_devicedata
35	Can delete device data	9	delete_devicedata
36	Can view device data	9	view_devicedata
\.


--
-- Data for Name: auth_user; Type: TABLE DATA; Schema: public; Owner: admin
--

COPY public.auth_user (id, password, last_login, is_superuser, username, first_name, last_name, email, is_staff, is_active, date_joined) FROM stdin;
2	pbkdf2_sha256$1000000$XDEunglvm66kIT2Fk2fY95$UjpLGWQ0ogGP9nQIg7VfOUKU8pQ82Sc1rynQnyCzKL0=	2025-09-21 16:31:48.800054+00	f	testU1			testU1@gmail.com	f	t	2025-09-08 11:52:51.096675+00
1	pbkdf2_sha256$1000000$1fTtuYoO5RPl8TNE4ygaPP$IUNfCYgDWT9GlvnqPJMZBLzcLGvXH2dvHX7IT940A0A=	2025-09-21 16:39:58.547548+00	t	admin			shivachauhan2nd@gmail.com	t	t	2025-09-06 20:26:08.017618+00
\.


--
-- Data for Name: auth_user_groups; Type: TABLE DATA; Schema: public; Owner: admin
--

COPY public.auth_user_groups (id, user_id, group_id) FROM stdin;
\.


--
-- Data for Name: auth_user_user_permissions; Type: TABLE DATA; Schema: public; Owner: admin
--

COPY public.auth_user_user_permissions (id, user_id, permission_id) FROM stdin;
\.


--
-- Data for Name: core_device; Type: TABLE DATA; Schema: public; Owner: admin
--

COPY public.core_device (id, device_id, name, location, created_at, user_id) FROM stdin;
14	TU-1	TestUser-1	rew	2025-09-08 15:53:53.048931+00	2
\.


--
-- Data for Name: core_devicedata; Type: TABLE DATA; Schema: public; Owner: admin
--

COPY public.core_devicedata (id, nitrogen, potassium, phosphorus, temperature, humidity, "timestamp", device_id) FROM stdin;
2	40	80	76	45	20	2025-09-21 14:03:16.410861+00	14
1	40	80	40	35	80	2025-09-21 13:31:34.878112+00	14
3	30	30	30	40	40	2025-09-21 14:12:23.705324+00	14
4	20	20	20	30	30	2025-09-21 16:40:46.956538+00	14
\.


--
-- Data for Name: django_admin_log; Type: TABLE DATA; Schema: public; Owner: admin
--

COPY public.django_admin_log (id, action_time, object_id, object_repr, action_flag, change_message, content_type_id, user_id) FROM stdin;
1	2025-09-08 12:15:21.381184+00	1	Device object (1)	2	[{"changed": {"fields": ["User"]}}]	7	1
2	2025-09-08 12:15:44.483345+00	1	Device object (1)	3		7	1
3	2025-09-08 12:15:48.29437+00	2	Device object (2)	3		7	1
4	2025-09-08 12:15:51.800254+00	3	Device object (3)	3		7	1
5	2025-09-08 12:15:54.970847+00	4	Device object (4)	3		7	1
6	2025-09-08 12:41:16.722494+00	5	Device object (5)	3		7	1
7	2025-09-08 12:51:51.088423+00	12	Device object (12)	3		7	1
8	2025-09-08 12:51:51.088469+00	11	Device object (11)	3		7	1
9	2025-09-08 12:51:51.08849+00	10	Device object (10)	3		7	1
10	2025-09-08 12:51:51.088508+00	9	Device object (9)	3		7	1
11	2025-09-08 12:51:51.088525+00	8	Device object (8)	3		7	1
12	2025-09-08 12:51:51.088542+00	7	Device object (7)	3		7	1
13	2025-09-08 12:51:51.088556+00	6	Device object (6)	3		7	1
14	2025-09-08 15:50:48.404095+00	13	Device object (13)	3		7	1
15	2025-09-21 13:17:52.101499+00	1	Device_Data object (1)	1	[{"added": {}}]	8	1
16	2025-09-21 13:31:34.889822+00	1	Data for TestUser-1 at 2025-09-21 13:31	1	[{"added": {}}]	9	1
17	2025-09-21 14:03:16.422842+00	2	Data for TestUser-1 at 2025-09-21 14:03	1	[{"added": {}}]	9	1
18	2025-09-21 14:07:14.734717+00	1	Data for TestUser-1 at 2025-09-21 13:31	2	[{"changed": {"fields": ["Potassium", "Phosphorus"]}}]	9	1
19	2025-09-21 14:12:23.708321+00	3	Data for TestUser-1 at 2025-09-21 14:12	1	[{"added": {}}]	9	1
20	2025-09-21 16:40:46.977517+00	4	Data for TestUser-1 at 2025-09-21 16:40	1	[{"added": {}}]	9	1
\.


--
-- Data for Name: django_content_type; Type: TABLE DATA; Schema: public; Owner: admin
--

COPY public.django_content_type (id, app_label, model) FROM stdin;
1	admin	logentry
2	auth	permission
3	auth	group
4	auth	user
5	contenttypes	contenttype
6	sessions	session
7	core	device
8	core	device_data
9	core	devicedata
\.


--
-- Data for Name: django_migrations; Type: TABLE DATA; Schema: public; Owner: admin
--

COPY public.django_migrations (id, app, name, applied) FROM stdin;
1	contenttypes	0001_initial	2025-09-06 20:17:15.229548+00
2	auth	0001_initial	2025-09-06 20:17:15.385028+00
3	admin	0001_initial	2025-09-06 20:17:15.42077+00
4	admin	0002_logentry_remove_auto_add	2025-09-06 20:17:15.429074+00
5	admin	0003_logentry_add_action_flag_choices	2025-09-06 20:17:15.441629+00
6	contenttypes	0002_remove_content_type_name	2025-09-06 20:17:15.46908+00
7	auth	0002_alter_permission_name_max_length	2025-09-06 20:17:15.483029+00
8	auth	0003_alter_user_email_max_length	2025-09-06 20:17:15.496003+00
9	auth	0004_alter_user_username_opts	2025-09-06 20:17:15.504132+00
10	auth	0005_alter_user_last_login_null	2025-09-06 20:17:15.516371+00
11	auth	0006_require_contenttypes_0002	2025-09-06 20:17:15.520545+00
12	auth	0007_alter_validators_add_error_messages	2025-09-06 20:17:15.530922+00
13	auth	0008_alter_user_username_max_length	2025-09-06 20:17:15.550505+00
14	auth	0009_alter_user_last_name_max_length	2025-09-06 20:17:15.566719+00
15	auth	0010_alter_group_name_max_length	2025-09-06 20:17:15.580133+00
16	auth	0011_update_proxy_permissions	2025-09-06 20:17:15.589347+00
17	auth	0012_alter_user_first_name_max_length	2025-09-06 20:17:15.603933+00
18	core	0001_initial	2025-09-06 20:17:15.649255+00
19	core	0002_alter_device_created_at	2025-09-06 20:17:15.669936+00
20	sessions	0001_initial	2025-09-06 20:17:15.69765+00
21	core	0003_device_data	2025-09-21 13:05:53.842595+00
22	core	0004_devicedata_delete_device_data	2025-09-21 13:28:51.674029+00
\.


--
-- Data for Name: django_session; Type: TABLE DATA; Schema: public; Owner: admin
--

COPY public.django_session (session_key, session_data, expire_date) FROM stdin;
jha0vejq9n0yxt6h961txqnqkf45kfky	.eJxVjMsOwiAQRf-FtSHIq4xL9_0GMsAgVQNJaVfGf1eSLnR7zzn3xTzuW_F7p9UviV2YZKffLWB8UB0g3bHeGo-tbusS-FD4QTufW6Ln9XD_Dgr2MuqscgAlQVqngSBqlRxFg1kKcCijIhXxywGmgAalynaiYEISWhh7Zu8P7GI34Q:1uveBH:s1Bn2W-v0asE5F40BeY3E9-f3otA7AfE3gb1a9Rw8Ns	2025-09-22 15:53:23.737032+00
1lilso6vdeub08ownzcouxeufa9bumk7	.eJxVjMsOwiAQRf-FtSHIq4xL9_0GMsAgVQNJaVfGf1eSLnR7zzn3xTzuW_F7p9UviV2YZKffLWB8UB0g3bHeGo-tbusS-FD4QTufW6Ln9XD_Dgr2MuqscgAlQVqngSBqlRxFg1kKcCijIhXxywGmgAalynaiYEISWhh7Zu8P7GI34Q:1uvtC2:OtfWKjh2q6Tm20NFEv_IRHvLkcLBvfz88wdenqXNuZA	2025-09-23 07:55:10.716853+00
rjo3clhsy86m0icyqj8zfpuipl0vxbl8	.eJxVjMsOwiAQRf-FtSHIq4xL9_0GMsAgVQNJaVfGf1eSLnR7zzn3xTzuW_F7p9UviV2YZKffLWB8UB0g3bHeGo-tbusS-FD4QTufW6Ln9XD_Dgr2MuqscgAlQVqngSBqlRxFg1kKcCijIhXxywGmgAalynaiYEISWhh7Zu8P7GI34Q:1uvtsO:bUjWIt2ucE8LHBdWzPZkiebVYJRcsYA8yIquzC5S4ks	2025-09-23 08:38:56.778834+00
nkr29th6cump2ol5our14b0h28xghjau	.eJxVjMsOwiAQRf-FtSHIq4xL9_0GMsAgVQNJaVfGf1eSLnR7zzn3xTzuW_F7p9UviV2YZKffLWB8UB0g3bHeGo-tbusS-FD4QTufW6Ln9XD_Dgr2MuqscgAlQVqngSBqlRxFg1kKcCijIhXxywGmgAalynaiYEISWhh7Zu8P7GI34Q:1uzZyY:AnHehjb-mIk_OHshTxlFK9LaaAmSrt0yzjt0wSD_OWE	2025-10-03 12:12:30.573113+00
3nmddrsqxlb90n19wufr6oa6ev99dzb0	.eJxVjMsOgjAQRf-la9MwQ6Ho0j3f0MxLixpIKKyM_y4kLHR7zzn37RKtS05rsTkN6i4O3Ol3Y5KnjTvQB433ycs0LvPAflf8QYvvJ7XX9XD_DjKVvNVNLQaMgUJUJIP6ZtCqVI1KB2ax23gUlo4ZI1glgmcGgSaEFlHRfb4Crzhz:1v0N6U:gPeuK80GnPYD54xFFtZhExYSpJ6E2GU_HIJkLG2yQw4	2025-10-05 16:39:58.556101+00
\.


--
-- Name: chunk_column_stats_id_seq; Type: SEQUENCE SET; Schema: _timescaledb_catalog; Owner: admin
--

SELECT pg_catalog.setval('_timescaledb_catalog.chunk_column_stats_id_seq', 1, false);


--
-- Name: chunk_constraint_name; Type: SEQUENCE SET; Schema: _timescaledb_catalog; Owner: admin
--

SELECT pg_catalog.setval('_timescaledb_catalog.chunk_constraint_name', 1, false);


--
-- Name: chunk_id_seq; Type: SEQUENCE SET; Schema: _timescaledb_catalog; Owner: admin
--

SELECT pg_catalog.setval('_timescaledb_catalog.chunk_id_seq', 1, false);


--
-- Name: continuous_agg_migrate_plan_step_step_id_seq; Type: SEQUENCE SET; Schema: _timescaledb_catalog; Owner: admin
--

SELECT pg_catalog.setval('_timescaledb_catalog.continuous_agg_migrate_plan_step_step_id_seq', 1, false);


--
-- Name: dimension_id_seq; Type: SEQUENCE SET; Schema: _timescaledb_catalog; Owner: admin
--

SELECT pg_catalog.setval('_timescaledb_catalog.dimension_id_seq', 1, false);


--
-- Name: dimension_slice_id_seq; Type: SEQUENCE SET; Schema: _timescaledb_catalog; Owner: admin
--

SELECT pg_catalog.setval('_timescaledb_catalog.dimension_slice_id_seq', 1, false);


--
-- Name: hypertable_id_seq; Type: SEQUENCE SET; Schema: _timescaledb_catalog; Owner: admin
--

SELECT pg_catalog.setval('_timescaledb_catalog.hypertable_id_seq', 1, false);


--
-- Name: bgw_job_id_seq; Type: SEQUENCE SET; Schema: _timescaledb_config; Owner: admin
--

SELECT pg_catalog.setval('_timescaledb_config.bgw_job_id_seq', 1000, false);


--
-- Name: auth_group_id_seq; Type: SEQUENCE SET; Schema: public; Owner: admin
--

SELECT pg_catalog.setval('public.auth_group_id_seq', 1, false);


--
-- Name: auth_group_permissions_id_seq; Type: SEQUENCE SET; Schema: public; Owner: admin
--

SELECT pg_catalog.setval('public.auth_group_permissions_id_seq', 1, false);


--
-- Name: auth_permission_id_seq; Type: SEQUENCE SET; Schema: public; Owner: admin
--

SELECT pg_catalog.setval('public.auth_permission_id_seq', 36, true);


--
-- Name: auth_user_groups_id_seq; Type: SEQUENCE SET; Schema: public; Owner: admin
--

SELECT pg_catalog.setval('public.auth_user_groups_id_seq', 1, false);


--
-- Name: auth_user_id_seq; Type: SEQUENCE SET; Schema: public; Owner: admin
--

SELECT pg_catalog.setval('public.auth_user_id_seq', 2, true);


--
-- Name: auth_user_user_permissions_id_seq; Type: SEQUENCE SET; Schema: public; Owner: admin
--

SELECT pg_catalog.setval('public.auth_user_user_permissions_id_seq', 1, false);


--
-- Name: core_device_id_seq; Type: SEQUENCE SET; Schema: public; Owner: admin
--

SELECT pg_catalog.setval('public.core_device_id_seq', 14, true);


--
-- Name: core_devicedata_id_seq; Type: SEQUENCE SET; Schema: public; Owner: admin
--

SELECT pg_catalog.setval('public.core_devicedata_id_seq', 4, true);


--
-- Name: django_admin_log_id_seq; Type: SEQUENCE SET; Schema: public; Owner: admin
--

SELECT pg_catalog.setval('public.django_admin_log_id_seq', 20, true);


--
-- Name: django_content_type_id_seq; Type: SEQUENCE SET; Schema: public; Owner: admin
--

SELECT pg_catalog.setval('public.django_content_type_id_seq', 9, true);


--
-- Name: django_migrations_id_seq; Type: SEQUENCE SET; Schema: public; Owner: admin
--

SELECT pg_catalog.setval('public.django_migrations_id_seq', 22, true);


--
-- Name: auth_group auth_group_name_key; Type: CONSTRAINT; Schema: public; Owner: admin
--

ALTER TABLE ONLY public.auth_group
    ADD CONSTRAINT auth_group_name_key UNIQUE (name);


--
-- Name: auth_group_permissions auth_group_permissions_group_id_permission_id_0cd325b0_uniq; Type: CONSTRAINT; Schema: public; Owner: admin
--

ALTER TABLE ONLY public.auth_group_permissions
    ADD CONSTRAINT auth_group_permissions_group_id_permission_id_0cd325b0_uniq UNIQUE (group_id, permission_id);


--
-- Name: auth_group_permissions auth_group_permissions_pkey; Type: CONSTRAINT; Schema: public; Owner: admin
--

ALTER TABLE ONLY public.auth_group_permissions
    ADD CONSTRAINT auth_group_permissions_pkey PRIMARY KEY (id);


--
-- Name: auth_group auth_group_pkey; Type: CONSTRAINT; Schema: public; Owner: admin
--

ALTER TABLE ONLY public.auth_group
    ADD CONSTRAINT auth_group_pkey PRIMARY KEY (id);


--
-- Name: auth_permission auth_permission_content_type_id_codename_01ab375a_uniq; Type: CONSTRAINT; Schema: public; Owner: admin
--

ALTER TABLE ONLY public.auth_permission
    ADD CONSTRAINT auth_permission_content_type_id_codename_01ab375a_uniq UNIQUE (content_type_id, codename);


--
-- Name: auth_permission auth_permission_pkey; Type: CONSTRAINT; Schema: public; Owner: admin
--

ALTER TABLE ONLY public.auth_permission
    ADD CONSTRAINT auth_permission_pkey PRIMARY KEY (id);


--
-- Name: auth_user_groups auth_user_groups_pkey; Type: CONSTRAINT; Schema: public; Owner: admin
--

ALTER TABLE ONLY public.auth_user_groups
    ADD CONSTRAINT auth_user_groups_pkey PRIMARY KEY (id);


--
-- Name: auth_user_groups auth_user_groups_user_id_group_id_94350c0c_uniq; Type: CONSTRAINT; Schema: public; Owner: admin
--

ALTER TABLE ONLY public.auth_user_groups
    ADD CONSTRAINT auth_user_groups_user_id_group_id_94350c0c_uniq UNIQUE (user_id, group_id);


--
-- Name: auth_user auth_user_pkey; Type: CONSTRAINT; Schema: public; Owner: admin
--

ALTER TABLE ONLY public.auth_user
    ADD CONSTRAINT auth_user_pkey PRIMARY KEY (id);


--
-- Name: auth_user_user_permissions auth_user_user_permissions_pkey; Type: CONSTRAINT; Schema: public; Owner: admin
--

ALTER TABLE ONLY public.auth_user_user_permissions
    ADD CONSTRAINT auth_user_user_permissions_pkey PRIMARY KEY (id);


--
-- Name: auth_user_user_permissions auth_user_user_permissions_user_id_permission_id_14a6b632_uniq; Type: CONSTRAINT; Schema: public; Owner: admin
--

ALTER TABLE ONLY public.auth_user_user_permissions
    ADD CONSTRAINT auth_user_user_permissions_user_id_permission_id_14a6b632_uniq UNIQUE (user_id, permission_id);


--
-- Name: auth_user auth_user_username_key; Type: CONSTRAINT; Schema: public; Owner: admin
--

ALTER TABLE ONLY public.auth_user
    ADD CONSTRAINT auth_user_username_key UNIQUE (username);


--
-- Name: core_device core_device_device_id_key; Type: CONSTRAINT; Schema: public; Owner: admin
--

ALTER TABLE ONLY public.core_device
    ADD CONSTRAINT core_device_device_id_key UNIQUE (device_id);


--
-- Name: core_device core_device_pkey; Type: CONSTRAINT; Schema: public; Owner: admin
--

ALTER TABLE ONLY public.core_device
    ADD CONSTRAINT core_device_pkey PRIMARY KEY (id);


--
-- Name: core_devicedata core_devicedata_pkey; Type: CONSTRAINT; Schema: public; Owner: admin
--

ALTER TABLE ONLY public.core_devicedata
    ADD CONSTRAINT core_devicedata_pkey PRIMARY KEY (id);


--
-- Name: django_admin_log django_admin_log_pkey; Type: CONSTRAINT; Schema: public; Owner: admin
--

ALTER TABLE ONLY public.django_admin_log
    ADD CONSTRAINT django_admin_log_pkey PRIMARY KEY (id);


--
-- Name: django_content_type django_content_type_app_label_model_76bd3d3b_uniq; Type: CONSTRAINT; Schema: public; Owner: admin
--

ALTER TABLE ONLY public.django_content_type
    ADD CONSTRAINT django_content_type_app_label_model_76bd3d3b_uniq UNIQUE (app_label, model);


--
-- Name: django_content_type django_content_type_pkey; Type: CONSTRAINT; Schema: public; Owner: admin
--

ALTER TABLE ONLY public.django_content_type
    ADD CONSTRAINT django_content_type_pkey PRIMARY KEY (id);


--
-- Name: django_migrations django_migrations_pkey; Type: CONSTRAINT; Schema: public; Owner: admin
--

ALTER TABLE ONLY public.django_migrations
    ADD CONSTRAINT django_migrations_pkey PRIMARY KEY (id);


--
-- Name: django_session django_session_pkey; Type: CONSTRAINT; Schema: public; Owner: admin
--

ALTER TABLE ONLY public.django_session
    ADD CONSTRAINT django_session_pkey PRIMARY KEY (session_key);


--
-- Name: auth_group_name_a6ea08ec_like; Type: INDEX; Schema: public; Owner: admin
--

CREATE INDEX auth_group_name_a6ea08ec_like ON public.auth_group USING btree (name varchar_pattern_ops);


--
-- Name: auth_group_permissions_group_id_b120cbf9; Type: INDEX; Schema: public; Owner: admin
--

CREATE INDEX auth_group_permissions_group_id_b120cbf9 ON public.auth_group_permissions USING btree (group_id);


--
-- Name: auth_group_permissions_permission_id_84c5c92e; Type: INDEX; Schema: public; Owner: admin
--

CREATE INDEX auth_group_permissions_permission_id_84c5c92e ON public.auth_group_permissions USING btree (permission_id);


--
-- Name: auth_permission_content_type_id_2f476e4b; Type: INDEX; Schema: public; Owner: admin
--

CREATE INDEX auth_permission_content_type_id_2f476e4b ON public.auth_permission USING btree (content_type_id);


--
-- Name: auth_user_groups_group_id_97559544; Type: INDEX; Schema: public; Owner: admin
--

CREATE INDEX auth_user_groups_group_id_97559544 ON public.auth_user_groups USING btree (group_id);


--
-- Name: auth_user_groups_user_id_6a12ed8b; Type: INDEX; Schema: public; Owner: admin
--

CREATE INDEX auth_user_groups_user_id_6a12ed8b ON public.auth_user_groups USING btree (user_id);


--
-- Name: auth_user_user_permissions_permission_id_1fbb5f2c; Type: INDEX; Schema: public; Owner: admin
--

CREATE INDEX auth_user_user_permissions_permission_id_1fbb5f2c ON public.auth_user_user_permissions USING btree (permission_id);


--
-- Name: auth_user_user_permissions_user_id_a95ead1b; Type: INDEX; Schema: public; Owner: admin
--

CREATE INDEX auth_user_user_permissions_user_id_a95ead1b ON public.auth_user_user_permissions USING btree (user_id);


--
-- Name: auth_user_username_6821ab7c_like; Type: INDEX; Schema: public; Owner: admin
--

CREATE INDEX auth_user_username_6821ab7c_like ON public.auth_user USING btree (username varchar_pattern_ops);


--
-- Name: core_device_device_id_949a778b_like; Type: INDEX; Schema: public; Owner: admin
--

CREATE INDEX core_device_device_id_949a778b_like ON public.core_device USING btree (device_id varchar_pattern_ops);


--
-- Name: core_device_user_id_9b8bbb11; Type: INDEX; Schema: public; Owner: admin
--

CREATE INDEX core_device_user_id_9b8bbb11 ON public.core_device USING btree (user_id);


--
-- Name: core_devicedata_device_id_d06eeddc; Type: INDEX; Schema: public; Owner: admin
--

CREATE INDEX core_devicedata_device_id_d06eeddc ON public.core_devicedata USING btree (device_id);


--
-- Name: django_admin_log_content_type_id_c4bce8eb; Type: INDEX; Schema: public; Owner: admin
--

CREATE INDEX django_admin_log_content_type_id_c4bce8eb ON public.django_admin_log USING btree (content_type_id);


--
-- Name: django_admin_log_user_id_c564eba6; Type: INDEX; Schema: public; Owner: admin
--

CREATE INDEX django_admin_log_user_id_c564eba6 ON public.django_admin_log USING btree (user_id);


--
-- Name: django_session_expire_date_a5c62663; Type: INDEX; Schema: public; Owner: admin
--

CREATE INDEX django_session_expire_date_a5c62663 ON public.django_session USING btree (expire_date);


--
-- Name: django_session_session_key_c0390e0f_like; Type: INDEX; Schema: public; Owner: admin
--

CREATE INDEX django_session_session_key_c0390e0f_like ON public.django_session USING btree (session_key varchar_pattern_ops);


--
-- Name: auth_group_permissions auth_group_permissio_permission_id_84c5c92e_fk_auth_perm; Type: FK CONSTRAINT; Schema: public; Owner: admin
--

ALTER TABLE ONLY public.auth_group_permissions
    ADD CONSTRAINT auth_group_permissio_permission_id_84c5c92e_fk_auth_perm FOREIGN KEY (permission_id) REFERENCES public.auth_permission(id) DEFERRABLE INITIALLY DEFERRED;


--
-- Name: auth_group_permissions auth_group_permissions_group_id_b120cbf9_fk_auth_group_id; Type: FK CONSTRAINT; Schema: public; Owner: admin
--

ALTER TABLE ONLY public.auth_group_permissions
    ADD CONSTRAINT auth_group_permissions_group_id_b120cbf9_fk_auth_group_id FOREIGN KEY (group_id) REFERENCES public.auth_group(id) DEFERRABLE INITIALLY DEFERRED;


--
-- Name: auth_permission auth_permission_content_type_id_2f476e4b_fk_django_co; Type: FK CONSTRAINT; Schema: public; Owner: admin
--

ALTER TABLE ONLY public.auth_permission
    ADD CONSTRAINT auth_permission_content_type_id_2f476e4b_fk_django_co FOREIGN KEY (content_type_id) REFERENCES public.django_content_type(id) DEFERRABLE INITIALLY DEFERRED;


--
-- Name: auth_user_groups auth_user_groups_group_id_97559544_fk_auth_group_id; Type: FK CONSTRAINT; Schema: public; Owner: admin
--

ALTER TABLE ONLY public.auth_user_groups
    ADD CONSTRAINT auth_user_groups_group_id_97559544_fk_auth_group_id FOREIGN KEY (group_id) REFERENCES public.auth_group(id) DEFERRABLE INITIALLY DEFERRED;


--
-- Name: auth_user_groups auth_user_groups_user_id_6a12ed8b_fk_auth_user_id; Type: FK CONSTRAINT; Schema: public; Owner: admin
--

ALTER TABLE ONLY public.auth_user_groups
    ADD CONSTRAINT auth_user_groups_user_id_6a12ed8b_fk_auth_user_id FOREIGN KEY (user_id) REFERENCES public.auth_user(id) DEFERRABLE INITIALLY DEFERRED;


--
-- Name: auth_user_user_permissions auth_user_user_permi_permission_id_1fbb5f2c_fk_auth_perm; Type: FK CONSTRAINT; Schema: public; Owner: admin
--

ALTER TABLE ONLY public.auth_user_user_permissions
    ADD CONSTRAINT auth_user_user_permi_permission_id_1fbb5f2c_fk_auth_perm FOREIGN KEY (permission_id) REFERENCES public.auth_permission(id) DEFERRABLE INITIALLY DEFERRED;


--
-- Name: auth_user_user_permissions auth_user_user_permissions_user_id_a95ead1b_fk_auth_user_id; Type: FK CONSTRAINT; Schema: public; Owner: admin
--

ALTER TABLE ONLY public.auth_user_user_permissions
    ADD CONSTRAINT auth_user_user_permissions_user_id_a95ead1b_fk_auth_user_id FOREIGN KEY (user_id) REFERENCES public.auth_user(id) DEFERRABLE INITIALLY DEFERRED;


--
-- Name: core_device core_device_user_id_9b8bbb11_fk_auth_user_id; Type: FK CONSTRAINT; Schema: public; Owner: admin
--

ALTER TABLE ONLY public.core_device
    ADD CONSTRAINT core_device_user_id_9b8bbb11_fk_auth_user_id FOREIGN KEY (user_id) REFERENCES public.auth_user(id) DEFERRABLE INITIALLY DEFERRED;


--
-- Name: core_devicedata core_devicedata_device_id_d06eeddc_fk_core_device_id; Type: FK CONSTRAINT; Schema: public; Owner: admin
--

ALTER TABLE ONLY public.core_devicedata
    ADD CONSTRAINT core_devicedata_device_id_d06eeddc_fk_core_device_id FOREIGN KEY (device_id) REFERENCES public.core_device(id) DEFERRABLE INITIALLY DEFERRED;


--
-- Name: django_admin_log django_admin_log_content_type_id_c4bce8eb_fk_django_co; Type: FK CONSTRAINT; Schema: public; Owner: admin
--

ALTER TABLE ONLY public.django_admin_log
    ADD CONSTRAINT django_admin_log_content_type_id_c4bce8eb_fk_django_co FOREIGN KEY (content_type_id) REFERENCES public.django_content_type(id) DEFERRABLE INITIALLY DEFERRED;


--
-- Name: django_admin_log django_admin_log_user_id_c564eba6_fk_auth_user_id; Type: FK CONSTRAINT; Schema: public; Owner: admin
--

ALTER TABLE ONLY public.django_admin_log
    ADD CONSTRAINT django_admin_log_user_id_c564eba6_fk_auth_user_id FOREIGN KEY (user_id) REFERENCES public.auth_user(id) DEFERRABLE INITIALLY DEFERRED;


--
-- PostgreSQL database dump complete
--

